url,Site
https://www.bonusfinder.com/,BF-US
https://www.bonusfinder.com/online-casinos/real-money-games,BF-US
https://www.bonusfinder.com/casinos-en-linea,BF-US
https://www.bonusfinder.com/online-casinos/four-winds-casino,BF-US
https://www.bonusfinder.com/sweepstakes/casino-sites-like,BF-US
https://www.bonusfinder.com/casino-bonus/no-deposit,BF-US
https://www.bonusfinder.com/slots/quick-hit-slots,BF-US
https://www.bonusfinder.com/casino-bonus,BF-US
https://www.bonusfinder.com/fish-table-games,BF-US
https://www.bonusfinder.com/online-casinos/stardust-casino,BF-US
https://www.bonusfinder.com/sweepstakes/riversweeps,BF-US
https://www.bonusfinder.com/online-casinos/betrivers,BF-US
https://www.bonusfinder.com/online-casinos/hollywood-casino,BF-US
https://www.bonusfinder.com/sweepstakes/crown-coins-casino,BF-US
https://www.bonusfinder.com/sportsbook-promos/betly-promo-code,BF-US
https://www.bonusfinder.com/news/entertainment/most-stressful-video-games-to-play,BF-US
https://www.bonusfinder.com/online-casinos/play-gun-lake-casino,BF-US
https://www.bonusfinder.com/sweepstakes,BF-US
https://www.bonusfinder.com/casino-bonus/free-spins/120-free-spins-real-money,BF-US
https://www.bonusfinder.com/online-casinos/cash-app,BF-US
https://www.bonusfinder.com/online-casinos/plinko,BF-US
https://www.bonusfinder.com/online-casinos/pennsylvania/bonuses,BF-US
https://www.bonusfinder.com/online-casinos/apps,BF-US
https://www.bonusfinder.com/sweepstakes/free-sc-coins,BF-US
https://www.bonusfinder.com/casino-bonus/free-spins/50-free-spins-no-deposit,BF-US
https://www.bonusfinder.com/sweepstakes/scrooge-casino,BF-US
https://www.bonusfinder.com/sweepstakes/sugar-sweeps,BF-US
https://www.bonusfinder.com/online-casinos/wind-creek-casino,BF-US
https://www.bonusfinder.com/about-us,BF-US
https://www.bonusfinder.com/online-casinos,BF-US
https://www.bonusfinder.com/online-casinos/paypal,BF-US
https://www.bonusfinder.com/slots,BF-US
https://www.bonusfinder.com/online-casinos/michigan/bonuses,BF-US
https://www.bonusfinder.co.uk/free-spins-no-deposit/100-free-spins,BF-UK
https://www.bonusfinder.co.uk/free-spins-no-deposit/no-wagering,BF-UK
https://www.bonusfinder.co.uk/free-spins-no-deposit/big-bass-game,BF-UK
https://www.bonusfinder.co.uk/casino-bonus/no-deposit/10-no-deposit-bonus,BF-UK
https://www.bonusfinder.co.uk/free-spins-no-deposit/book-of-dead,BF-UK
https://www.bonusfinder.co.uk/review/netbet-casino,BF-UK
https://www.bonusfinder.co.uk/online-casinos/minimum-deposit/5-min-deposit,BF-UK
https://www.bonusfinder.co.uk/free-spins-no-deposit/10-free-spins,BF-UK
https://www.bonusfinder.co.uk/online-casinos/slots/megaways,BF-UK
https://www.bonusfinder.co.uk/casino-bonus/rewards,BF-UK
https://www.bonusfinder.co.uk/online-casinos/minimum-deposit/20-min-deposit,BF-UK
https://www.bonusfinder.co.uk/online-casinos/minimum-deposit/3-min-deposit,BF-UK
https://www.bonusfinder.co.uk/free-spins-no-deposit/starburst,BF-UK
https://www.bonusfinder.co.uk/free-spins-no-deposit/200-free-spins,BF-UK
https://www.bonusfinder.co.uk/online-casinos/minimum-deposit/10-min-deposit,BF-UK
https://www.bonusfinder.co.uk/,BF-UK
https://www.bonusfinder.co.uk/free-spins-no-deposit,BF-UK
https://www.bonusfinder.co.uk/online-casinos/minimum-deposit,BF-UK
https://www.bonusfinder.co.uk/free-spins-no-deposit/slingo,BF-UK
https://www.bonusfinder.co.uk/casino-bonus/no-deposit,BF-UK
https://www.bonusfinder.co.uk/online-casinos,BF-UK
https://www.bonusfinder.co.uk/free-spins-no-deposit/30-free-spins,BF-UK
https://www.bonusfinder.co.uk/review/regal-wins,BF-UK
https://www.bonusfinder.co.uk/review/all-british-casino,BF-UK
https://www.bonusfinder.co.uk/review/pokerstars-casino,BF-UK
https://www.bonusfinder.co.uk/review/zodiac-casino,BF-UK
https://www.bonusfinder.co.uk/casino-bonus/low-wagering,BF-UK
https://www.bonusfinder.co.uk/review/dream-jackpot-casino,BF-UK
https://www.bonusfinder.co.uk/free-spins-no-deposit/fire-joker,BF-UK
https://www.bonusfinder.co.uk/free-spins-no-deposit/gonzos-quest,BF-UK
https://www.bonusfinder.co.uk/online-casinos/paysafecard,BF-UK
https://www.bonusfinder.co.uk/review/777-casino,BF-UK
https://www.bonusfinder.co.uk/review/quatro-casino,BF-UK
https://www.bonusfinder.co.uk/online-casinos/minimum-deposit/1-deposit-casinos,BF-UK
https://www.bonusfinder.co.uk/review/yeti-casino,BF-UK
https://www.bonusfinder.co.uk/free-spins-no-deposit/50-free-spins,BF-UK
https://www.bonusfinder.co.uk/review/red-casino,BF-UK
https://www.bonusfinder.co.uk/tools/casino-bonus-expected-value-calculator,BF-UK
https://www.bonusfinder.co.uk/free-spins-no-deposit/25-free-spins,BF-UK
https://www.bonusfinder.co.uk/review/mrq-casino,BF-UK
https://www.bonusfinder.co.uk/online-casinos/pay-by-phone-bill,BF-UK
https://www.bonusfinder.co.uk/review/casino-2020,BF-UK
https://www.bonusfinder.co.uk/review/kong-casino,BF-UK
https://www.bonusfinder.co.uk/review/playojo,BF-UK
https://www.bonusfinder.co.uk/online-casinos/blackjack,BF-UK
https://www.bonusfinder.ie/free-spins-no-deposit,BF-IE
https://www.bonusfinder.ie/online-casinos/boo-casino,BF-IE
https://www.bonusfinder.ie/online-casinos/minimum-deposit,BF-IE
https://www.bonusfinder.ie/casino-bonus/no-deposit,BF-IE
https://www.bonusfinder.ie/online-casinos/minimum-deposit/1-euro-deposit-casinos,BF-IE
https://www.bonusfinder.ie/online-casinos/lucky-days-casino,BF-IE
https://www.bonusfinder.ie/online-casinos/minimum-deposit/5-euro-deposit-casinos,BF-IE
https://www.bonusfinder.ie/online-casinos/king-billy-casino,BF-IE
https://www.bonusfinder.ie/online-casinos/one-casino,BF-IE
https://www.bonusfinder.ie/,BF-IE
https://www.bonusfinder.ie/online-casinos/casino-kingdom,BF-IE
https://www.bonusfinder.ie/online-casinos/novibet,BF-IE
https://www.bonusfinder.ie/online-casinos/minimum-deposit/10-euro-deposit-casinos,BF-IE
https://www.bonusfinder.ie/casino-bonus/casino-rewards,BF-IE
https://www.bonusfinder.ie/online-casinos/cosmo-casino,BF-IE
https://www.bonusfinder.ie/online-casinos/arcanebet,BF-IE
https://www.bonusfinder.ie/online-casinos/the-clubhouse-casino,BF-IE
https://www.bonusfinder.ie/online-casinos/888-casino,BF-IE
https://www.bonusfinder.ie/online-casinos/bitstarz,BF-IE
https://www.bonusfinder.ie/casino-bonus,BF-IE
https://www.bonusfinder.ie/online-casinos/gate777,BF-IE
https://www.bonusfinder.it/,BF-IT
https://www.bonusfinder.it/bonus-casino/bonus-casino-spid,BF-IT
https://www.bonusfinder.it/casino-online/casino-senza-registrazione,BF-IT
https://www.bonusfinder.it/bonus-casino/bonus-compleanno,BF-IT
https://www.bonusfinder.it/free-spin-gratis,BF-IT
https://www.bonusfinder.it/bonus-casino/codici-bonus,BF-IT
https://www.bonusfinder.it/casino-online/postepay,BF-IT
https://www.bonusfinder.it/quigioco-casino,BF-IT
https://www.bonusfinder.it/casino-online/crazy-time,BF-IT
https://www.bonusfinder.it/guide/strategie-e-sistemi-per-roulette,BF-IT
https://www.bonusfinder.it/bonus-casino/senza-deposito/10-euro,BF-IT
https://www.bonusfinder.it/bonus-casino/senza-deposito/7-euro-gratis,BF-IT
https://www.bonusfinder.it/free-spin-gratis/free-spin-casino,BF-IT
https://www.bonusfinder.it/fivebet-casino,BF-IT
https://www.bonusfinder.it/casino-online/deposito-minimo,BF-IT
https://www.bonusfinder.it/casino-online/paysafecard,BF-IT
https://www.bonusfinder.it/betitaly,BF-IT
https://www.bonusfinder.it/wincasino,BF-IT
https://www.bonusfinder.it/casino-online/bingo-online,BF-IT
https://www.bonusfinder.it/bonus-casino/senza-deposito/20-euro,BF-IT
https://www.bonusfinder.it/images/tabella-blackjack-pdf.pdf,BF-IT
https://www.bonusfinder.it/casino-online/siti-poker/poker-senza-deposito,BF-IT
https://www.bonusfinder.it/bonus-casino/senza-deposito,BF-IT
https://www.bonusfinder.it/starcasino,BF-IT
https://www.bonusfinder.it/bonus-casino,BF-IT
https://www.bonusfinder.it/siti-slot/gratis,BF-IT
https://www.bonusfinder.it/bonus-casino/senza-deposito/100-euro,BF-IT
https://www.bonusfinder.it/siti-slot/slot-bar,BF-IT
https://www.bonusfinder.it/pokerstars-casino,BF-IT
https://www.bonusfinder.it/bonus-casino/gratta-e-vinci-online,BF-IT
https://www.bonusfinder.it/lottomatica,BF-IT
https://www.bonusfinder.it/free-spin-gratis/book-of-ra,BF-IT
https://www.bonusfinder.it/siti-slot/slot-con-puntata-minima-1-centesimo,BF-IT
https://www.bonusfinder.it/sunbet-casino,BF-IT
https://www.bonusfinder.it/bonus-casino/bonus-invita-amico,BF-IT
https://www.bonusfinder.it/bonus-casino/fun-bonus,BF-IT
https://www.bonusfinder.it/casino-online/plinko-online,BF-IT
https://www.bonusfinder.it/bonus-casino/bonus-giornalieri,BF-IT
https://www.bonusfinder.it/sisal,BF-IT
https://www.bonus.com.de/,BF-DE
https://www.bonus.com.de/ohne-einzahlung,BF-DE
https://www.bonus.com.de/spielotheken/1-euro-einzahlung,BF-DE
https://www.bonus.com.de/spielotheken/10-euro-einzahlen-50-euro-spielen,BF-DE
https://www.bonus.com.de/freispiele/60-freispiele,BF-DE
https://www.bonus.com.de/freispiele/book-of-dead,BF-DE
https://www.bonus.com.de/freispiele/30-freispiele-ohne-einzahlung,BF-DE
https://www.bonus.com.de/freispiele,BF-DE
https://www.bonus.com.de/freispiele/book-of-ra,BF-DE
https://www.bonus.com.de/wunderino,BF-DE
https://www.bonus.com.de/spielotheken/startguthaben,BF-DE
https://www.bonus.com.de/drueckglueck,BF-DE
https://www.bonus.com.de/freispiele/starburst,BF-DE
https://www.bonus.com.de/spielotheken/20-euro-einzahlung,BF-DE
https://www.bonus.com.de/wildz,BF-DE
https://www.bonus.com.de/bingbong,BF-DE
https://www.bonus.net.nz/online-casinos/minimum-deposit,BF-NZ
https://www.bonus.net.nz/free-spins-no-deposit/50-free-spins,BF-NZ
https://www.bonus.net.nz/online-casinos/minimum-deposit/5-dollar-deposit,BF-NZ
https://www.bonus.net.nz/online-casinos/minimum-deposit/20-dollar-deposit,BF-NZ
https://www.bonus.net.nz/casino-bonus/codes,BF-NZ
https://www.bonus.net.nz/free-spins-no-deposit/100-free-spins,BF-NZ
https://www.bonus.net.nz/free-spins-no-deposit/25-free-spins,BF-NZ
https://www.bonus.net.nz/free-spins-no-deposit/no-wagering,BF-NZ
https://www.bonus.net.nz/free-spins-no-deposit/book-of-dead,BF-NZ
https://www.bonus.net.nz/,BF-NZ
https://www.bonus.net.nz/free-spins-no-deposit/mega-moolah,BF-NZ
https://www.bonus.net.nz/online-casinos/minimum-deposit/10-dollar-deposit,BF-NZ
https://www.bonus.net.nz/bitstarz,BF-NZ
https://www.bonus.net.nz/casino-bonus/no-deposit,BF-NZ
https://www.bonus.net.nz/guide/casino-rewards-alternatives-nz,BF-NZ
https://www.bonus.net.nz/online-casinos/paysafe,BF-NZ
https://www.bonus.net.nz/777-casino,BF-NZ
https://www.bonus.net.nz/free-spins-no-deposit,BF-NZ
https://www.bonus.net.nz/galactic-wins,BF-NZ
https://www.bonus.net.nz/arcanebet,BF-NZ
https://www.bonus.net.nz/casino-bonus/200-deposit-bonus,BF-NZ
https://www.bonus.net.nz/lucky-nugget,BF-NZ
https://www.bonus.net.nz/online-casinos/inclave,BF-NZ
https://www.bonus.net.nz/ruby-fortune-casino,BF-NZ
https://www.bonus.net.nz/captain-cooks-casino,BF-NZ
https://www.bonus.net.nz/boo-casino,BF-NZ
https://www.bonus.net.nz/zodiac-casino,BF-NZ
https://www.bonus.net.nz/caxino,BF-NZ
https://www.bonus.net.nz/king-billy-casino,BF-NZ
https://www.bonus.net.nz/gaming-club-casino,BF-NZ
https://www.bonus.net.nz/online-casinos/instant-banking,BF-NZ
https://www.bonus.net.nz/online-casinos/poli,BF-NZ
https://www.bonus.net.nz/online-casinos/instant-withdrawal,BF-NZ
https://www.bonus.net.nz/grand-mondial,BF-NZ
https://www.bonus.net.nz/online-casinos/google-pay-casinos,BF-NZ
https://www.bonus.net.nz/jackpot-city,BF-NZ
https://www.bonus.ca/online-casinos/minimum-deposit/1-dollar-deposit-casino,BF-CAEN
https://www.bonus.ca/online-casinos/inclave,BF-CAEN
https://www.bonus.ca/casinodays,BF-CAEN
https://www.bonus.ca/free-spins-no-deposit/book-of-dead,BF-CAEN
https://www.bonus.ca/free-spins-no-deposit/mega-moolah,BF-CAEN
https://www.bonus.ca/casino-bonus/codes,BF-CAEN
https://www.bonus.ca/jackpot-city,BF-CAEN
https://www.bonus.ca/online-casinos/minimum-deposit/5-deposit-casinos,BF-CAEN
https://www.bonus.ca/boo-casino,BF-CAEN
https://www.bonus.ca/galactic-wins-casino,BF-CAEN
https://www.bonus.ca/free-spins-no-deposit/100-free-spins,BF-CAEN
https://www.bonus.ca/online-casinos/no-verification-casinos,BF-CAEN
https://www.bonus.ca/casino-bonus/rewards,BF-CAEN
https://www.bonus.ca/king-billy-casino,BF-CAEN
https://www.bonus.ca/spin-casino,BF-CAEN
https://www.bonus.ca/captain-cooks-casino,BF-CAEN
https://www.bonus.ca/free-spins-no-deposit/50-free-spins,BF-CAEN
https://www.bonus.ca/lucky-nugget-casino,BF-CAEN
https://www.bonus.ca/casino-bonus/birthday-bonus,BF-CAEN
https://www.bonus.ca/luckyspins,BF-CAEN
https://www.bonus.ca/zodiac-casino,BF-CAEN
https://www.bonus.ca/gate777-casino,BF-CAEN
https://www.bonus.ca/casino-classic,BF-CAEN
https://www.bonus.ca/free-spins-no-deposit,BF-CAEN
https://www.bonus.ca/free-spins-no-deposit/no-wagering,BF-CAEN
https://www.bonus.ca/online-casinos/minimum-deposit/10-deposit-casinos,BF-CAEN
https://www.bonus.ca/ruby-fortune,BF-CAEN
https://www.bonus.ca/free-spins-no-deposit/sweet-bonanza,BF-CAEN
https://www.bonus.ca/casino-bonus/2-dollar-deposit-casino,BF-CAEN
https://www.bonus.ca/royal-vegas,BF-CAEN
https://www.bonus.ca/yukon-gold-casino,BF-CAEN
https://www.bonus.ca/quatro-casino,BF-CAEN
https://www.bonus.ca/spin-galaxy-casino,BF-CAEN
https://www.bonus.ca/playojo,BF-CAEN
https://www.bonus.ca/888-casino,BF-CAEN
https://www.bonus.ca/grand-mondial,BF-CAEN
https://www.bonus.ca/casino-bonus/no-deposit,BF-CAEN
https://www.bonus.ca/arcanebet,BF-CAEN
https://www.bonus.ca/playgrand-casino,BF-CAEN
https://www.bonus.ca/lucky-days-casino,BF-CAEN
https://www.bonus.ca/,BF-CAEN
https://www.bonus.ca/jackbit,BF-CAEN
https://www.bonus.ca/betvictor-casino,BF-CAEN
https://www.bonus.ca/online-casinos/kahnawake-gaming-commission,BF-CAEN
https://www.bonus.ca/online-casinos/pay-by-phone-casinos,BF-CAEN
https://www.bonus.ca/spinaway-casino,BF-CAEN
https://www.bonus.ca/gaming-club-casino,BF-CAEN
https://www.bonus.ca/online-casinos/minimum-deposit/20-deposit-casinos,BF-CAEN
https://www.bonus.ca/hellspin-casino,BF-CAEN
https://www.bonus.ca/spinsbro-casino,BF-CAEN
https://www.bonus.ca/21bit-casino,BF-CAEN
https://www.bonus.ca/free-spins-no-deposit/120-free-spins,BF-CAEN
https://www.bonus.ca/cobra-casino,BF-CAEN
https://www.bonus.ca/golden-tiger-casino,BF-CAEN
https://www.bonus.ca/playamo,BF-CAEN
https://www.bonus.ca/casumo,BF-CAEN
https://www.bonus.ca/bitstarz,BF-CAEN
https://www.bonus.ca/online-casinos/slots/free,BF-CAEN
https://www.bonus.ca/free-spins-no-deposit/25-free-spins,BF-CAEN
https://www.bonus.ca/woo-casino,BF-CAEN
https://www.bonus.ca/luxury-casino,BF-CAEN
https://www.bonus.ca/the-clubhouse-casino,BF-CAEN
https://www.bonus.ca/party-casino,BF-CAEN
https://www.bonus.ca/betplays-casino,BF-CAEN
https://www.bonus.ca/firevegas-casino,BF-CAEN
https://www.bonus.ca/online-casinos/paypal,BF-CAEN
https://www.bonus.ca/bet99-casino,BF-CAEN
https://www.bonus.ca/online-casinos/ontario,BF-CAEN
https://www.bonus.ca/all-slots-casino,BF-CAEN
https://www.bonus.ca/betandplay-casino,BF-CAEN
https://www.bonus.ca/online-casinos/nova-scotia,BF-CAEN
https://www.bonus.ca/online-casinos/alberta,BF-CAEN
https://www.bonus.ca/sports-interaction,BF-CAEN
https://www.bonus.ca/just-casino,BF-CAEN
https://www.bonus.ca/novajackpot,BF-CAEN
https://www.bonus.ca/online-casinos/software/microgaming,BF-CAEN
https://www.bonus.ca/casino-rocket,BF-CAEN
https://www.bonus.ca/spinaro-casino,BF-CAEN
https://www.bonus.ca/tonybet,BF-CAEN
https://www.bonus.ca/casino-action,BF-CAEN
https://www.bonus.ca/news/get-25-bonus-cash-just-by-registering-with-888-casino-no-deposit-required,BF-CAEN
https://www.bonus.ca/online-casinos/interac,BF-CAEN
https://www.bonus.ca/casino-bonus/seasonal-promos/easter,BF-CAEN
https://www.bonus.ca/online-casinos/gigadat,BF-CAEN
https://www.bonus.ca/lukki-casino,BF-CAEN
https://www.bonus.ca/online-casinos/curacao-gaming-authority,BF-CAEN
https://www.bonus.ca/777-casino,BF-CAEN
https://www.bonus.ca/casino-friday,BF-CAEN
https://www.bonus.ca/onlywin-casino,BF-CAEN
https://www.bonus.ca/casigo-casino,BF-CAEN
https://www.bonus.ca/online-casinos/malta-gaming-authority,BF-CAEN
https://www.bonus.ca/online-casinos/neosurf,BF-CAEN
https://www.bonus.ca/online-casinos/echeck,BF-CAEN
https://www.bonus.ca/online-casinos/new-brunswick,BF-CAEN
https://www.bonus.ca/fr/casino-bonus/depot-minimum,BF-CAFR
https://www.bonus.ca/fr/machines-a-sous-gratuites/fire-joker,BF-CAFR
https://www.bonus.ca/fr/casino-bonus/sans-depot,BF-CAFR
https://www.bonus.ca/fr/playojo,BF-CAFR
https://www.bonus.ca/fr/jackpot-city,BF-CAFR
https://www.bonus.ca/fr/zodiac-casino,BF-CAFR
https://www.bonus.ca/fr/spin-casino,BF-CAFR
https://www.bonus.ca/fr/777-casino,BF-CAFR
https://www.bonus.ca/fr/machines-a-sous-gratuites/50-tours-gratuits,BF-CAFR
https://www.bonus.ca/fr/casino-classic,BF-CAFR
https://www.bonus.ca/fr/quatro-casino,BF-CAFR
https://www.bonus.ca/fr/casino-en-ligne/casino-en-ligne-sans-verification,BF-CAFR
https://www.bonus.ca/fr/casino-bonus/depot-minimum/casino-depot-5,BF-CAFR
https://www.bonus.ca/fr/casino-en-ligne/commission-des-jeux-de-kahnawake,BF-CAFR
https://www.bonus.ca/fr/casino-bonus/sans-conditions,BF-CAFR
https://www.bonus.ca/fr/casino-bonus/depot-minimum/casino-depot-2,BF-CAFR
https://www.bonus.ca/fr/casino-en-ligne/casino-inclave,BF-CAFR
https://www.bonus.ca/fr/ruby-fortune,BF-CAFR
https://www.bonus.ca/fr/bitstarz,BF-CAFR
https://www.bonus.ca/fr/casino-bonus/depot-minimum/casino-depot-10,BF-CAFR
https://www.bonus.ca/fr/yukon-gold-casino,BF-CAFR
https://www.bonus.ca/fr/casino-en-ligne/retraits-rapides,BF-CAFR
https://www.bonus.ca/fr/casinodays,BF-CAFR
https://www.bonus.ca/fr/royal-vegas,BF-CAFR
https://www.bonus.ca/fr/machines-a-sous-gratuites/mega-moolah,BF-CAFR
https://www.bonus.ca/fr/,BF-CAFR
https://www.bonus.ca/fr/grand-mondial-casino,BF-CAFR
https://www.bonus.ca/fr/casino-en-ligne/paiements-par-telephone,BF-CAFR
https://www.bonus.ca/fr/casino-bonus/200-bonus,BF-CAFR
https://www.bonus.ca/fr/machines-a-sous-gratuites,BF-CAFR
https://www.bonus.ca/fr/lucky-days,BF-CAFR
https://www.bonus.ca/fr/machines-a-sous-gratuites/9-masks-of-fire,BF-CAFR
https://www.bonus.ca/fr/casino-en-ligne/nouveaux,BF-CAFR
https://www.bonus.ca/fr/captain-cooks-casino,BF-CAFR
https://www.bonus.ca/fr/casino-bonus,BF-CAFR
https://www.bonus.ca/fr/machines-a-sous-gratuites/book-of-dead,BF-CAFR
https://www.bonus.ca/fr/boo-casino,BF-CAFR
https://www.bonus.ca/fr/king-billy-casino,BF-CAFR
https://www.bonus.ca/fr/machines-a-sous-gratuites/120-tours-gratuits-sans-depot,BF-CAFR
https://www.bonus.ca/fr/casino-en-ligne/interac,BF-CAFR
https://www.bonus.ca/fr/gaming-club-casino,BF-CAFR
https://www.bonus.ca/fr/888-casino,BF-CAFR
https://www.bonus.ca/fr/galactic-wins-casino,BF-CAFR
https://www.bonus.ca/fr/casino-en-ligne/bitcoin-casino,BF-CAFR
https://www.bonus.ca/fr/casino-en-ligne/echeck,BF-CAFR
https://www.bonus.ca/fr/machines-a-sous-gratuites/25-tours-gratuits,BF-CAFR
https://www.bonus.ca/fr/casino-bonus/depot-minimum/casino-depot-20,BF-CAFR
https://www.bonus.ca/fr/casino-en-ligne/bingo,BF-CAFR
https://www.bonus.ca/fr/casino-action,BF-CAFR
https://www.bonus.ca/fr/casino-friday,BF-CAFR
https://www.bonus.ca/fr/malina-casino,BF-CAFR
https://www.bonus.ca/fr/spinaway-casino,BF-CAFR
https://www.bonus.ca/fr/casino-en-ligne/le-plus-payant,BF-CAFR
https://www.bonus.ca/fr/golden-tiger-casino,BF-CAFR
https://www.bonus.ca/fr/captain-spins,BF-CAFR
https://www.bonus.ca/fr/machines-a-sous-gratuites/sweet-bonanza,BF-CAFR
https://www.bonus.ca/fr/casino-en-ligne/paypal,BF-CAFR
https://www.bonus.ca/fr/wheelz-casino,BF-CAFR
https://www.bonus.ca/fr/betway,BF-CAFR
https://www.bonus.ca/fr/stake-casino,BF-CAFR
https://www.bonus.ca/fr/casino-bonus/rewards,BF-CAFR
https://www.bonus.ca/fr/river-belle-casino,BF-CAFR
https://www.bonus.ca/fr/wildz-casino,BF-CAFR
